{
  "hash": "db7cf3bc",
  "browserHash": "1bcee083",
  "optimized": {
    "@angular/common": {
      "src": "../../../../../node_modules/@angular/common/fesm2022/common.mjs",
      "file": "@angular_common.js",
      "fileHash": "28928869",
      "needsInterop": false
    },
    "@angular/core": {
      "src": "../../../../../node_modules/@angular/core/fesm2022/core.mjs",
      "file": "@angular_core.js",
      "fileHash": "0186b1cc",
      "needsInterop": false
    },
    "@angular/fire/compat": {
      "src": "../../../../../node_modules/@angular/fire/fesm2022/angular-fire-compat.mjs",
      "file": "@angular_fire_compat.js",
      "fileHash": "395e757c",
      "needsInterop": false
    },
    "@angular/fire/compat/auth": {
      "src": "../../../../../node_modules/@angular/fire/fesm2022/angular-fire-compat-auth.mjs",
      "file": "@angular_fire_compat_auth.js",
      "fileHash": "34ba97bb",
      "needsInterop": false
    },
    "@angular/fire/compat/firestore": {
      "src": "../../../../../node_modules/@angular/fire/fesm2022/angular-fire-compat-firestore.mjs",
      "file": "@angular_fire_compat_firestore.js",
      "fileHash": "a8de38ec",
      "needsInterop": false
    },
    "@angular/forms": {
      "src": "../../../../../node_modules/@angular/forms/fesm2022/forms.mjs",
      "file": "@angular_forms.js",
      "fileHash": "cfabfa96",
      "needsInterop": false
    },
    "@angular/material/datepicker": {
      "src": "../../../../../node_modules/@angular/material/fesm2022/datepicker.mjs",
      "file": "@angular_material_datepicker.js",
      "fileHash": "76ebd2f9",
      "needsInterop": false
    },
    "@angular/platform-browser": {
      "src": "../../../../../node_modules/@angular/platform-browser/fesm2022/platform-browser.mjs",
      "file": "@angular_platform-browser.js",
      "fileHash": "0636ef58",
      "needsInterop": false
    },
    "@angular/router": {
      "src": "../../../../../node_modules/@angular/router/fesm2022/router.mjs",
      "file": "@angular_router.js",
      "fileHash": "8a18eaa1",
      "needsInterop": false
    },
    "@ng-bootstrap/ng-bootstrap": {
      "src": "../../../../../node_modules/@ng-bootstrap/ng-bootstrap/fesm2020/ng-bootstrap.mjs",
      "file": "@ng-bootstrap_ng-bootstrap.js",
      "fileHash": "1d147cc7",
      "needsInterop": false
    },
    "firebase/compat/app": {
      "src": "../../../../../node_modules/firebase/compat/app/dist/esm/index.esm.js",
      "file": "firebase_compat_app.js",
      "fileHash": "97dbfcd6",
      "needsInterop": false
    },
    "firebase/compat/firestore": {
      "src": "../../../../../node_modules/firebase/compat/firestore/dist/esm/index.esm.js",
      "file": "firebase_compat_firestore.js",
      "fileHash": "7d04f356",
      "needsInterop": false
    }
  },
  "chunks": {
    "index.esm-UC5IW6RI": {
      "file": "index__esm-UC5IW6RI.js"
    },
    "chunk-IXBAVEAS": {
      "file": "chunk-IXBAVEAS.js"
    },
    "chunk-HC2YBSAL": {
      "file": "chunk-HC2YBSAL.js"
    },
    "chunk-JOGB22HU": {
      "file": "chunk-JOGB22HU.js"
    },
    "chunk-KK6GXKII": {
      "file": "chunk-KK6GXKII.js"
    },
    "chunk-WTLSWZI6": {
      "file": "chunk-WTLSWZI6.js"
    },
    "chunk-DHIVUVQY": {
      "file": "chunk-DHIVUVQY.js"
    },
    "chunk-ZIXXBJYE": {
      "file": "chunk-ZIXXBJYE.js"
    },
    "chunk-OIL6NKHX": {
      "file": "chunk-OIL6NKHX.js"
    },
    "chunk-LHRTKJE6": {
      "file": "chunk-LHRTKJE6.js"
    },
    "chunk-676J6N46": {
      "file": "chunk-676J6N46.js"
    },
    "chunk-36HXBO72": {
      "file": "chunk-36HXBO72.js"
    },
    "chunk-EQU7RARR": {
      "file": "chunk-EQU7RARR.js"
    }
  }
}